{
  "bits16": 10.259092520155848,
  "bits8": 10.293323926355795,
  "bits4": 50.29138888547933,
  "bits3": 45.23297650964756
}