{
  "bits16": 10.512199652539659,
  "bits8": 10.544970300746845,
  "bits4": 29.18930251012259,
  "bits3": 23.693631365353887
}