{
  "bits16": 12.682713350943297,
  "bits8": 14.954442773852097,
  "bits4": 2019.7027165465881,
  "bits3": 1394.9562742703497
}