{
  "refresh0": {
    "bits": 4,
    "refresh": 0,
    "n_prompts": 12,
    "steps": [
      64,
      128,
      192,
      256,
      320,
      384,
      448,
      512
    ],
    "kl_mean": [
      0.061433706254964214,
      0.22332679751768106,
      0.7560021980122352,
      0.23773665283806622,
      0.18215358304829957,
      0.4921508349943906,
      0.35247296347127605,
      0.3123619011991347
    ],
    "b": 0.6596094748099299,
    "r2": 0.38548579075744505
  },
  "refresh16": {
    "bits": 4,
    "refresh": 16,
    "n_prompts": 12,
    "steps": [
      64,
      128,
      192,
      256,
      320,
      384,
      448,
      512
    ],
    "kl_mean": [
      0.012704682467693592,
      0.006969482665226678,
      0.009130212938354513,
      0.0006378575395202072,
      0.0019084330284249162,
      0.0006750554278672402,
      0.0018205570229762695,
      0.0021617866447058987
    ],
    "b": -1.2050748432954146,
    "r2": 0.5520825895671836
  },
  "refresh32": {
    "bits": 4,
    "refresh": 32,
    "n_prompts": 12,
    "steps": [
      64,
      128,
      192,
      256,
      320,
      384,
      448,
      512
    ],
    "kl_mean": [
      0.022490965333763786,
      0.029623049008174956,
      0.007154462843478389,
      0.0011478004944459979,
      0.0021965527359929147,
      0.0010094555572095487,
      0.0007824159380997268,
      0.0022705780432138076
    ],
    "b": -1.7365199297521532,
    "r2": 0.7475241964372776
  },
  "refresh64": {
    "bits": 4,
    "refresh": 64,
    "n_prompts": 12,
    "steps": [
      64,
      128,
      192,
      256,
      320,
      384,
      448,
      512
    ],
    "kl_mean": [
      0.061433706254964214,
      0.08570012527464617,
      0.006992521670326823,
      0.0022049932670711314,
      0.0081558746286845,
      0.0016531087709760566,
      0.001440496489559943,
      0.0008254074849673998
    ],
    "b": -2.2391782402969502,
    "r2": 0.8181034053986765
  },
  "overhead": {
    "model": "int8 baseline state, fp16 refresh every k tokens; extra = ((16-8)/16)/k",
    "k16_pct": 3.125,
    "k32_pct": 1.5625,
    "k64_pct": 0.7812
  },
  "curve": {
    "refresh0": {
      "k": 0,
      "b": 0.6596,
      "r2": 0.3855,
      "overhead_pct": 0.0
    },
    "refresh16": {
      "k": 16,
      "b": -1.2051,
      "r2": 0.5521,
      "overhead_pct": 3.125
    },
    "refresh32": {
      "k": 32,
      "b": -1.7365,
      "r2": 0.7475,
      "overhead_pct": 1.5625
    },
    "refresh64": {
      "k": 64,
      "b": -2.2392,
      "r2": 0.8181,
      "overhead_pct": 0.7812
    }
  }
}