{
  "refresh0": {
    "bits": 4,
    "refresh": 0,
    "n_prompts": 12,
    "steps": [
      64,
      128,
      192,
      256,
      320,
      384,
      448,
      512
    ],
    "kl_mean": [
      0.06629782214383795,
      0.23132553905998066,
      0.7944444211510321,
      0.10605301106503855,
      0.1756978850644053,
      0.4421335269859507,
      0.3625155905028805,
      0.280640768756939
    ],
    "b": 0.5709554075777429,
    "r2": 0.25539760266905664
  },
  "refresh16": {
    "bits": 4,
    "refresh": 16,
    "n_prompts": 12,
    "steps": [
      64,
      128,
      192,
      256,
      320,
      384,
      448,
      512
    ],
    "kl_mean": [
      0.009568505851740147,
      0.008321162030066867,
      0.009283781178927105,
      0.003613856636604259,
      0.0008715841025295953,
      0.0006475315088496636,
      0.0016031348966786634,
      0.002150194508940236
    ],
    "b": -1.193413064294838,
    "r2": 0.611061882504583
  },
  "refresh64": {
    "bits": 4,
    "refresh": 64,
    "n_prompts": 12,
    "steps": [
      64,
      128,
      192,
      256,
      320,
      384,
      448,
      512
    ],
    "kl_mean": [
      0.06629782214383795,
      0.08558249186050186,
      0.025546559792322416,
      0.023577340535586206,
      0.00217728424247395,
      0.0016280893304815673,
      0.0010715039001070181,
      0.0010072818876807332
    ],
    "b": -2.4314128670595836,
    "r2": 0.8137299158061326
  }
}