{
  "h128_bits16": {
    "bits": 16,
    "refresh": 0,
    "n_prompts": 12,
    "steps": [
      16,
      32,
      48,
      64,
      80,
      96,
      112,
      128
    ],
    "kl_mean": [
      0.0,
      0.0,
      0.0,
      0.0,
      0.0,
      0.0,
      0.0,
      0.0
    ],
    "b": NaN,
    "r2": NaN
  },
  "h128_bits8": {
    "bits": 8,
    "refresh": 0,
    "n_prompts": 12,
    "steps": [
      16,
      32,
      48,
      64,
      80,
      96,
      112,
      128
    ],
    "kl_mean": [
      0.000993482810455859,
      0.0025716655652162266,
      0.0011413892968380097,
      0.002522878640303363,
      0.0010132003665971705,
      0.0015507477364735678,
      0.0011937785765591495,
      0.0007072853056098912
    ],
    "b": -0.1459482323700598,
    "r2": 0.050487105883073036
  },
  "h128_bits4": {
    "bits": 4,
    "refresh": 0,
    "n_prompts": 12,
    "steps": [
      16,
      32,
      48,
      64,
      80,
      96,
      112,
      128
    ],
    "kl_mean": [
      0.01002685116097505,
      0.012057942815469383,
      0.03361200467634203,
      0.04941016151090357,
      0.06903460517272227,
      0.11185248758799086,
      0.05352906726147921,
      0.07314311697458227
    ],
    "b": 1.1303482104401212,
    "r2": 0.8459489208670392
  },
  "h128_bits3": {
    "bits": 3,
    "refresh": 0,
    "n_prompts": 12,
    "steps": [
      16,
      32,
      48,
      64,
      80,
      96,
      112,
      128
    ],
    "kl_mean": [
      0.044346800475371616,
      0.4714462883306017,
      1.2795082809102072,
      0.19936165555069843,
      0.6308018979616463,
      0.7865040212248763,
      0.5061167527067786,
      0.2664002204934756
    ],
    "b": 0.8054163804978666,
    "r2": 0.29794945176595955
  },
  "h512_bits16": {
    "bits": 16,
    "refresh": 0,
    "n_prompts": 12,
    "steps": [
      64,
      128,
      192,
      256,
      320,
      384,
      448,
      512
    ],
    "kl_mean": [
      0.0,
      0.0,
      0.0,
      0.0,
      0.0,
      0.0,
      0.0,
      0.0
    ],
    "b": NaN,
    "r2": NaN
  },
  "h512_bits8": {
    "bits": 8,
    "refresh": 0,
    "n_prompts": 12,
    "steps": [
      64,
      128,
      192,
      256,
      320,
      384,
      448,
      512
    ],
    "kl_mean": [
      0.002522878640303363,
      0.0007072853056098912,
      0.004237174323358535,
      0.0008188808373100857,
      0.009584259725793723,
      0.0034429308729594745,
      0.00048282653923100344,
      0.0038541038332671937
    ],
    "b": 0.1258362405191848,
    "r2": 0.007143949874110711
  },
  "h512_bits4": {
    "bits": 4,
    "refresh": 0,
    "n_prompts": 12,
    "steps": [
      64,
      128,
      192,
      256,
      320,
      384,
      448,
      512
    ],
    "kl_mean": [
      0.04941016151090357,
      0.07314311697458227,
      0.25861290597822517,
      0.07800793213270178,
      0.19311233471671585,
      0.1680866811754337,
      0.13176611545713968,
      0.13113607152384552
    ],
    "b": 0.4925828416196598,
    "r2": 0.3883691177365898
  },
  "h512_bits3": {
    "bits": 3,
    "refresh": 0,
    "n_prompts": 12,
    "steps": [
      64,
      128,
      192,
      256,
      320,
      384,
      448,
      512
    ],
    "kl_mean": [
      0.19936165555069843,
      0.2664002204934756,
      2.1637740898877382,
      0.503250954595084,
      1.9460328333079815,
      1.5618738074166079,
      1.692127830426519,
      1.8004212643330295
    ],
    "b": 1.1329426174520707,
    "r2": 0.6701646986330789
  }
}