{
  "h128_bits16": {
    "slope_b": NaN,
    "r2": NaN,
    "kl_terminal": 0.0,
    "n_steps": 8
  },
  "h128_bits8": {
    "slope_b": -0.1459482323700598,
    "r2": 0.050487105883073036,
    "kl_terminal": 0.0007072853056098912,
    "n_steps": 8
  },
  "h128_bits4": {
    "slope_b": 1.1303482104401212,
    "r2": 0.8459489208670392,
    "kl_terminal": 0.07314311697458227,
    "n_steps": 8
  },
  "h128_bits3": {
    "slope_b": 0.8054163804978666,
    "r2": 0.29794945176595955,
    "kl_terminal": 0.2664002204934756,
    "n_steps": 8
  },
  "h512_bits16": {
    "slope_b": NaN,
    "r2": NaN,
    "kl_terminal": 0.0,
    "n_steps": 8
  },
  "h512_bits8": {
    "slope_b": 0.1258362405191848,
    "r2": 0.007143949874110711,
    "kl_terminal": 0.0038541038332671937,
    "n_steps": 8
  },
  "h512_bits4": {
    "slope_b": 0.4925828416196598,
    "r2": 0.3883691177365898,
    "kl_terminal": 0.13113607152384552,
    "n_steps": 8
  },
  "h512_bits3": {
    "slope_b": 1.1329426174520707,
    "r2": 0.6701646986330789,
    "kl_terminal": 1.8004212643330295,
    "n_steps": 8
  }
}