{
  "refresh0": {
    "refresh": 0,
    "slope_b": 0.5709554075777429,
    "r2": 0.25539760266905664,
    "kl_terminal": 0.280640768756939,
    "n_steps": 8
  },
  "refresh16": {
    "refresh": 16,
    "slope_b": -1.193413064294838,
    "r2": 0.611061882504583,
    "kl_terminal": 0.002150194508940236,
    "n_steps": 8
  },
  "refresh64": {
    "refresh": 64,
    "slope_b": -2.4314128670595836,
    "r2": 0.8137299158061326,
    "kl_terminal": 0.0010072818876807332,
    "n_steps": 8
  }
}